Directory Path,Topic Category,Proposed CTA Button Copy,Word Count,Proposed CTA Subtext Copy
/acne/1-vs-2-percent-salicylic-acid/,Active Ingredients & Actives,Check Active Skincare Ingredient Compatibility,5,Scan your face in 60s to verify if your current active ingredients are clearing your pores or causing chemical irritation.
/acne/accutane-usa/,General Skincare & Anti-Aging,Start Free AI Skin Scan,5,"Scan your face to detect active breakouts, fine lines, skin barrier health, and dark spots in 60 seconds."
/acne/acne-back-cure-cheat-sheet/,General Skincare & Anti-Aging,Start Free AI Skin Scan,5,"Scan your face to detect active breakouts, fine lines, skin barrier health, and dark spots in 60 seconds."
/acne/acne-body-lotion-salicylic-acid-india/,Active Ingredients & Actives,Check Active Skincare Ingredient Compatibility,5,Scan your face in 60s to verify if your current active ingredients are clearing your pores or causing chemical irritation.
/acne/acne-diet-india/,Hormonal Acne & Internal Health,Detect Jawline Hormonal Acne Patterns,5,Scan your jawline and chin to evaluate hormonal acne severity and get a dermatologist-backed active routine.
/acne/acne-marks-vs-acne-scars-difference-india/,Acne Scars & Hyperpigmentation,Analyze Dark Spots: PIE vs PIH,6,Scan your skin in 60s to distinguish red post-acne marks (PIE) from brown melanin spots (PIH) and get a targeted fading routine.
/acne/acne-patches-hydrocolloid-vs-pimple-patches-india/,Face Map & Localized Acne,Run 3-Zone AI Face Map,5,"Scan your forehead, cheeks, and chin to pinpoint the root cause of localized acne (bacterial, fungal, or friction)."
/acne/acne-pcos-treatment-indian-skin/,Hormonal Acne & Internal Health,Detect Jawline Hormonal Acne Patterns,5,Scan your jawline and chin to evaluate hormonal acne severity and get a dermatologist-backed active routine.
/acne/acne-rosacea-vs-acne-vulgaris-india/,General Skincare & Anti-Aging,Start Free AI Skin Scan,5,"Scan your face to detect active breakouts, fine lines, skin barrier health, and dark spots in 60 seconds."
/acne/acne-routine-under-500-india/,Routines & Product Cleansers,Build Your Custom Active Routine,5,"Scan your face in 60s to get a personalized, non-comedogenic regimen tailored to your exact skin type."
/acne/acne-scar-removal-cream-myth-india/,Acne Scars & Hyperpigmentation,Analyze Dark Spots: PIE vs PIH,6,Scan your skin in 60s to distinguish red post-acne marks (PIE) from brown melanin spots (PIH) and get a targeted fading routine.
/acne/acnemoist-cream-vs-acnestar-cream-india/,General Skincare & Anti-Aging,Start Free AI Skin Scan,5,"Scan your face to detect active breakouts, fine lines, skin barrier health, and dark spots in 60 seconds."
/acne/acnestar-soap-vs-perobar-soap-india/,General Skincare & Anti-Aging,Start Free AI Skin Scan,5,"Scan your face to detect active breakouts, fine lines, skin barrier health, and dark spots in 60 seconds."
/acne/adapalene-0.1-gel-for-acne-india/,Retinoids & Retinization,Check Retinoid Tolerance & Skin Barrier,6,"Scan your face to detect flaking, redness, and micro-peeling before increasing your Adapalene or Tretinoin dosage."
/acne/adapalene-0.1-percent-gel-acne-india/,Retinoids & Retinization,Check Retinoid Tolerance & Skin Barrier,6,"Scan your face to detect flaking, redness, and micro-peeling before increasing your Adapalene or Tretinoin dosage."
/acne/adapalene-before-after-results/,Retinoids & Retinization,Check Retinoid Tolerance & Skin Barrier,6,"Scan your face to detect flaking, redness, and micro-peeling before increasing your Adapalene or Tretinoin dosage."
/acne/adapalene-benzoyl-peroxide-gel/,Retinoids & Retinization,Check Retinoid Tolerance & Skin Barrier,6,"Scan your face to detect flaking, redness, and micro-peeling before increasing your Adapalene or Tretinoin dosage."
/acne/adapalene-clindamycin-phosphate-gel/,Retinoids & Retinization,Check Retinoid Tolerance & Skin Barrier,6,"Scan your face to detect flaking, redness, and micro-peeling before increasing your Adapalene or Tretinoin dosage."
/acne/adapalene-differin-adaferin-gel-comparison-india/,Retinoids & Retinization,Check Retinoid Tolerance & Skin Barrier,6,"Scan your face to detect flaking, redness, and micro-peeling before increasing your Adapalene or Tretinoin dosage."
/acne/adapalene-gel-for-acne-indian-skin-guide/,Retinoids & Retinization,Check Retinoid Tolerance & Skin Barrier,6,"Scan your face to detect flaking, redness, and micro-peeling before increasing your Adapalene or Tretinoin dosage."
/acne/adapalene-gel-india/,Retinoids & Retinization,Check Retinoid Tolerance & Skin Barrier,6,"Scan your face to detect flaking, redness, and micro-peeling before increasing your Adapalene or Tretinoin dosage."
/acne/adapalene-purging-timeline/,Purging & Breakout Diagnosis,Check Skin Purge vs Breakout,5,Scan your face in 60s to determine whether active bumps are normal cell turnover purging or a damaged skin barrier.
/acne/adult-acne-worsening/,General Skincare & Anti-Aging,Start Free AI Skin Scan,5,"Scan your face to detect active breakouts, fine lines, skin barrier health, and dark spots in 60 seconds."
/acne/ai-skin-analysis-vs-manual-face-mapping-accuracy/,General Skincare & Anti-Aging,Start Free AI Skin Scan,5,"Scan your face to detect active breakouts, fine lines, skin barrier health, and dark spots in 60 seconds."
/acne/ai-skin-analysis-vs-manual-face-mapping-which-is-more-accurate-/,General Skincare & Anti-Aging,Start Free AI Skin Scan,5,"Scan your face to detect active breakouts, fine lines, skin barrier health, and dark spots in 60 seconds."
/acne/aloe-vera-for-acne-india/,General Skincare & Anti-Aging,Start Free AI Skin Scan,5,"Scan your face to detect active breakouts, fine lines, skin barrier health, and dark spots in 60 seconds."
/acne/alpha-arbutin-serum-for-acne-dark-spots-indian-skin/,Acne Scars & Hyperpigmentation,Analyze Dark Spots: PIE vs PIH,6,Scan your skin in 60s to distinguish red post-acne marks (PIE) from brown melanin spots (PIH) and get a targeted fading routine.
/acne/alpha-arbutin-serum-for-dark-spots-india/,Acne Scars & Hyperpigmentation,Analyze Dark Spots: PIE vs PIH,6,Scan your skin in 60s to distinguish red post-acne marks (PIE) from brown melanin spots (PIH) and get a targeted fading routine.
/acne/anti-aging-serum-usa/,General Skincare & Anti-Aging,Start Free AI Skin Scan,5,"Scan your face to detect active breakouts, fine lines, skin barrier health, and dark spots in 60 seconds."
/acne/anti-wrinkle-anti-aging-serum-india/,General Skincare & Anti-Aging,Start Free AI Skin Scan,5,"Scan your face to detect active breakouts, fine lines, skin barrier health, and dark spots in 60 seconds."
/acne/anti-wrinkle-serum-retinol-peptides-usa/,Retinoids & Retinization,Check Retinoid Tolerance & Skin Barrier,6,"Scan your face to detect flaking, redness, and micro-peeling before increasing your Adapalene or Tretinoin dosage."
/acne/anti-wrinkle-serum-usa/,General Skincare & Anti-Aging,Start Free AI Skin Scan,5,"Scan your face to detect active breakouts, fine lines, skin barrier health, and dark spots in 60 seconds."
/acne/argireline-liquid-botox-wrinkle-serum-usa/,General Skincare & Anti-Aging,Start Free AI Skin Scan,5,"Scan your face to detect active breakouts, fine lines, skin barrier health, and dark spots in 60 seconds."
/acne/argireline-peptide-wrinkle-treatment-india/,General Skincare & Anti-Aging,Start Free AI Skin Scan,5,"Scan your face to detect active breakouts, fine lines, skin barrier health, and dark spots in 60 seconds."
/acne/at-home-chemical-peels-safety/,General Skincare & Anti-Aging,Start Free AI Skin Scan,5,"Scan your face to detect active breakouts, fine lines, skin barrier health, and dark spots in 60 seconds."
/acne/at-home-dermarolling-safety/,General Skincare & Anti-Aging,Start Free AI Skin Scan,5,"Scan your face to detect active breakouts, fine lines, skin barrier health, and dark spots in 60 seconds."
/acne/at-home-vs-clinical-scar-treatment-india/,Acne Scars & Hyperpigmentation,Analyze Dark Spots: PIE vs PIH,6,Scan your skin in 60s to distinguish red post-acne marks (PIE) from brown melanin spots (PIH) and get a targeted fading routine.
/acne/azelaic-acid-acne-dark-spots-india/,Acne Scars & Hyperpigmentation,Analyze Dark Spots: PIE vs PIH,6,Scan your skin in 60s to distinguish red post-acne marks (PIE) from brown melanin spots (PIH) and get a targeted fading routine.
/acne/azelaic-acid-cream-for-acne-usa/,Active Ingredients & Actives,Check Active Skincare Ingredient Compatibility,5,Scan your face in 60s to verify if your current active ingredients are clearing your pores or causing chemical irritation.
/acne/azelaic-acid-for-acne-dark-spots-india/,Acne Scars & Hyperpigmentation,Analyze Dark Spots: PIE vs PIH,6,Scan your skin in 60s to distinguish red post-acne marks (PIE) from brown melanin spots (PIH) and get a targeted fading routine.
/acne/azelaic-acid-for-acne-india/,Active Ingredients & Actives,Check Active Skincare Ingredient Compatibility,5,Scan your face in 60s to verify if your current active ingredients are clearing your pores or causing chemical irritation.
/acne/azelaic-acid-for-acne-indian-skin/,Active Ingredients & Actives,Check Active Skincare Ingredient Compatibility,5,Scan your face in 60s to verify if your current active ingredients are clearing your pores or causing chemical irritation.
/acne/aziderm-10-percent-vs-15-percent-azelaic-acid-india/,Active Ingredients & Actives,Check Active Skincare Ingredient Compatibility,5,Scan your face in 60s to verify if your current active ingredients are clearing your pores or causing chemical irritation.
/acne/aziderm-10-vs-15-azelaic-acid-cream-india/,Active Ingredients & Actives,Check Active Skincare Ingredient Compatibility,5,Scan your face in 60s to verify if your current active ingredients are clearing your pores or causing chemical irritation.
/acne/back-acne/,Body Acne & Folliculitis,Analyze Body Acne & Bumps,5,"Upload a quick scan to differentiate sweat acne, friction folliculitis, and fungal body bumps in 60 seconds."
/acne/back-acne-apple/,Body Acne & Folliculitis,Analyze Body Acne & Bumps,5,"Upload a quick scan to differentiate sweat acne, friction folliculitis, and fungal body bumps in 60 seconds."
/acne/back-acne-faq/,Body Acne & Folliculitis,Analyze Body Acne & Bumps,5,"Upload a quick scan to differentiate sweat acne, friction folliculitis, and fungal body bumps in 60 seconds."
/acne/back-acne-faq-hindi/,Body Acne & Folliculitis,Analyze Body Acne & Bumps,5,"Upload a quick scan to differentiate sweat acne, friction folliculitis, and fungal body bumps in 60 seconds."
/acne/back-acne-natural-remedies/,Body Acne & Folliculitis,Analyze Body Acne & Bumps,5,"Upload a quick scan to differentiate sweat acne, friction folliculitis, and fungal body bumps in 60 seconds."
/acne/back-acne-scars-treatment-india/,Acne Scars & Hyperpigmentation,Analyze Dark Spots: PIE vs PIH,6,Scan your skin in 60s to distinguish red post-acne marks (PIE) from brown melanin spots (PIH) and get a targeted fading routine.
/acne/back-acne-treatment-body-wash-india/,Body Acne & Folliculitis,Analyze Body Acne & Bumps,5,"Upload a quick scan to differentiate sweat acne, friction folliculitis, and fungal body bumps in 60 seconds."
/acne/back-acne-women/,Body Acne & Folliculitis,Analyze Body Acne & Bumps,5,"Upload a quick scan to differentiate sweat acne, friction folliculitis, and fungal body bumps in 60 seconds."
/acne/back-acne-women-30s/,Body Acne & Folliculitis,Analyze Body Acne & Bumps,5,"Upload a quick scan to differentiate sweat acne, friction folliculitis, and fungal body bumps in 60 seconds."
/acne/bacne-vs-fungal-acne-body-india/,Body Acne & Folliculitis,Analyze Body Acne & Bumps,5,"Upload a quick scan to differentiate sweat acne, friction folliculitis, and fungal body bumps in 60 seconds."
/acne/beginners-guide-to-azelaic-acid-the-gentle-alternative-for-sensitive-acne/,Active Ingredients & Actives,Check Active Skincare Ingredient Compatibility,5,Scan your face in 60s to verify if your current active ingredients are clearing your pores or causing chemical irritation.
/acne/benzoyl-peroxide-2.5-vs-5-gel-india/,Active Ingredients & Actives,Check Active Skincare Ingredient Compatibility,5,Scan your face in 60s to verify if your current active ingredients are clearing your pores or causing chemical irritation.
/acne/benzoyl-peroxide-acne-india-guide/,Active Ingredients & Actives,Check Active Skincare Ingredient Compatibility,5,Scan your face in 60s to verify if your current active ingredients are clearing your pores or causing chemical irritation.
/acne/benzoyl-peroxide-face-wash-india/,Active Ingredients & Actives,Check Active Skincare Ingredient Compatibility,5,Scan your face in 60s to verify if your current active ingredients are clearing your pores or causing chemical irritation.
/acne/benzoyl-peroxide-face-wash-usa/,Active Ingredients & Actives,Check Active Skincare Ingredient Compatibility,5,Scan your face in 60s to verify if your current active ingredients are clearing your pores or causing chemical irritation.
/acne/benzoyl-peroxide-gel-2.5-vs-5-india/,Active Ingredients & Actives,Check Active Skincare Ingredient Compatibility,5,Scan your face in 60s to verify if your current active ingredients are clearing your pores or causing chemical irritation.
/acne/benzoyl-peroxide-short-contact-therapy-guide/,Active Ingredients & Actives,Check Active Skincare Ingredient Compatibility,5,Scan your face in 60s to verify if your current active ingredients are clearing your pores or causing chemical irritation.
/acne/benzoyl-peroxide-spot-treatment-vs-gel-india/,Active Ingredients & Actives,Check Active Skincare Ingredient Compatibility,5,Scan your face in 60s to verify if your current active ingredients are clearing your pores or causing chemical irritation.
/acne/benzoyl-peroxide-vs-clindamycin-acne-india/,Active Ingredients & Actives,Check Active Skincare Ingredient Compatibility,5,Scan your face in 60s to verify if your current active ingredients are clearing your pores or causing chemical irritation.
/acne/benzoyl-peroxide-vs-salicylic-acid-acne-india/,Active Ingredients & Actives,Check Active Skincare Ingredient Compatibility,5,Scan your face in 60s to verify if your current active ingredients are clearing your pores or causing chemical irritation.
/acne/best-acne-homemade-face-pack/,General Skincare & Anti-Aging,Start Free AI Skin Scan,5,"Scan your face to detect active breakouts, fine lines, skin barrier health, and dark spots in 60 seconds."
/acne/best-acne-scar-treatment-india/,Acne Scars & Hyperpigmentation,Analyze Dark Spots: PIE vs PIH,6,Scan your skin in 60s to distinguish red post-acne marks (PIE) from brown melanin spots (PIH) and get a targeted fading routine.
/acne/best-acne-scar-treatment-laser-usa/,Acne Scars & Hyperpigmentation,Analyze Dark Spots: PIE vs PIH,6,Scan your skin in 60s to distinguish red post-acne marks (PIE) from brown melanin spots (PIH) and get a targeted fading routine.
/acne/best-acne-scar-treatment-usa/,Acne Scars & Hyperpigmentation,Analyze Dark Spots: PIE vs PIH,6,Scan your skin in 60s to distinguish red post-acne marks (PIE) from brown melanin spots (PIH) and get a targeted fading routine.
/acne/best-adapalene-gel-for-acne-india/,Retinoids & Retinization,Check Retinoid Tolerance & Skin Barrier,6,"Scan your face to detect flaking, redness, and micro-peeling before increasing your Adapalene or Tretinoin dosage."
/acne/best-aha-bha-peel-usa/,General Skincare & Anti-Aging,Start Free AI Skin Scan,5,"Scan your face to detect active breakouts, fine lines, skin barrier health, and dark spots in 60 seconds."
/acne/best-anti-wrinkle-cream-india/,General Skincare & Anti-Aging,Start Free AI Skin Scan,5,"Scan your face to detect active breakouts, fine lines, skin barrier health, and dark spots in 60 seconds."
/acne/best-azelaic-acid-gel-india/,Active Ingredients & Actives,Check Active Skincare Ingredient Compatibility,5,Scan your face in 60s to verify if your current active ingredients are clearing your pores or causing chemical irritation.
/acne/best-bakuchiol-serum-usa/,General Skincare & Anti-Aging,Start Free AI Skin Scan,5,"Scan your face to detect active breakouts, fine lines, skin barrier health, and dark spots in 60 seconds."
/acne/best-benzoyl-peroxide-face-wash-india/,Active Ingredients & Actives,Check Active Skincare Ingredient Compatibility,5,Scan your face in 60s to verify if your current active ingredients are clearing your pores or causing chemical irritation.
/acne/best-benzoyl-peroxide-face-wash-usa/,Active Ingredients & Actives,Check Active Skincare Ingredient Compatibility,5,Scan your face in 60s to verify if your current active ingredients are clearing your pores or causing chemical irritation.
/acne/best-benzoyl-peroxide-spot-treatment-usa/,Active Ingredients & Actives,Check Active Skincare Ingredient Compatibility,5,Scan your face in 60s to verify if your current active ingredients are clearing your pores or causing chemical irritation.
/acne/best-blackhead-remover-india/,General Skincare & Anti-Aging,Start Free AI Skin Scan,5,"Scan your face to detect active breakouts, fine lines, skin barrier health, and dark spots in 60 seconds."
/acne/best-blackhead-remover-usa/,General Skincare & Anti-Aging,Start Free AI Skin Scan,5,"Scan your face to detect active breakouts, fine lines, skin barrier health, and dark spots in 60 seconds."
/acne/best-centella-asiatica-cica-serum-usa/,Active Ingredients & Actives,Check Active Skincare Ingredient Compatibility,5,Scan your face in 60s to verify if your current active ingredients are clearing your pores or causing chemical irritation.
/acne/best-ceramide-moisturizer-acne-prone-skin-india/,Routines & Product Cleansers,Build Your Custom Active Routine,5,"Scan your face in 60s to get a personalized, non-comedogenic regimen tailored to your exact skin type."
/acne/best-cerave-moisturizing-cream-dupes-india/,Routines & Product Cleansers,Build Your Custom Active Routine,5,"Scan your face in 60s to get a personalized, non-comedogenic regimen tailored to your exact skin type."
/acne/best-cica-moisturizer-for-acne-prone-skin-india/,Active Ingredients & Actives,Check Active Skincare Ingredient Compatibility,5,Scan your face in 60s to verify if your current active ingredients are clearing your pores or causing chemical irritation.
/acne/best-clay-mask-for-blackheads-india/,General Skincare & Anti-Aging,Start Free AI Skin Scan,5,"Scan your face to detect active breakouts, fine lines, skin barrier health, and dark spots in 60 seconds."
/acne/best-cleansing-balm-for-acne-prone-skin-usa/,Active Ingredients & Actives,Check Active Skincare Ingredient Compatibility,5,Scan your face in 60s to verify if your current active ingredients are clearing your pores or causing chemical irritation.
/acne/best-dapsone-gel-for-acne-india/,General Skincare & Anti-Aging,Start Free AI Skin Scan,5,"Scan your face to detect active breakouts, fine lines, skin barrier health, and dark spots in 60 seconds."
/acne/best-dark-spot-corrector-usa/,Acne Scars & Hyperpigmentation,Analyze Dark Spots: PIE vs PIH,6,Scan your skin in 60s to distinguish red post-acne marks (PIE) from brown melanin spots (PIH) and get a targeted fading routine.
/acne/best-dark-spot-remover-for-face-india/,Acne Scars & Hyperpigmentation,Analyze Dark Spots: PIE vs PIH,6,Scan your skin in 60s to distinguish red post-acne marks (PIE) from brown melanin spots (PIH) and get a targeted fading routine.
/acne/best-eye-wrinkle-cream-usa/,General Skincare & Anti-Aging,Start Free AI Skin Scan,5,"Scan your face to detect active breakouts, fine lines, skin barrier health, and dark spots in 60 seconds."
/acne/best-face-wash-for-acne-scars-india/,Acne Scars & Hyperpigmentation,Analyze Dark Spots: PIE vs PIH,6,Scan your skin in 60s to distinguish red post-acne marks (PIE) from brown melanin spots (PIH) and get a targeted fading routine.
/acne/best-face-wash-for-dry-skin-india/,Routines & Product Cleansers,Build Your Custom Active Routine,5,"Scan your face in 60s to get a personalized, non-comedogenic regimen tailored to your exact skin type."
/acne/best-face-wash-for-oily-acne-prone-skin-india/,Routines & Product Cleansers,Build Your Custom Active Routine,5,"Scan your face in 60s to get a personalized, non-comedogenic regimen tailored to your exact skin type."
/acne/best-face-wash-for-oily-acne-prone-skin-usa/,Routines & Product Cleansers,Build Your Custom Active Routine,5,"Scan your face in 60s to get a personalized, non-comedogenic regimen tailored to your exact skin type."
/acne/best-face-wash-for-pimples-and-dark-spots-india/,Acne Scars & Hyperpigmentation,Analyze Dark Spots: PIE vs PIH,6,Scan your skin in 60s to distinguish red post-acne marks (PIE) from brown melanin spots (PIH) and get a targeted fading routine.
/acne/best-fungal-acne-safe-moisturizer-india/,Routines & Product Cleansers,Build Your Custom Active Routine,5,"Scan your face in 60s to get a personalized, non-comedogenic regimen tailored to your exact skin type."
/acne/best-gel-sunscreen-for-oily-skin-under-500/,Routines & Product Cleansers,Build Your Custom Active Routine,5,"Scan your face in 60s to get a personalized, non-comedogenic regimen tailored to your exact skin type."
/acne/best-glycolic-acid-toner-usa/,Active Ingredients & Actives,Check Active Skincare Ingredient Compatibility,5,Scan your face in 60s to verify if your current active ingredients are clearing your pores or causing chemical irritation.
/acne/best-hyaluronic-acid-serum-for-acne-india/,General Skincare & Anti-Aging,Start Free AI Skin Scan,5,"Scan your face to detect active breakouts, fine lines, skin barrier health, and dark spots in 60 seconds."
/acne/best-hyaluronic-acid-serum-india/,General Skincare & Anti-Aging,Start Free AI Skin Scan,5,"Scan your face to detect active breakouts, fine lines, skin barrier health, and dark spots in 60 seconds."
/acne/best-hyaluronic-acid-serum-usa/,General Skincare & Anti-Aging,Start Free AI Skin Scan,5,"Scan your face to detect active breakouts, fine lines, skin barrier health, and dark spots in 60 seconds."
/acne/best-kojic-acid-cream-for-acne-marks-india/,Acne Scars & Hyperpigmentation,Analyze Dark Spots: PIE vs PIH,6,Scan your skin in 60s to distinguish red post-acne marks (PIE) from brown melanin spots (PIH) and get a targeted fading routine.
/acne/best-kojic-acid-cream-melasma-india/,Acne Scars & Hyperpigmentation,Analyze Dark Spots: PIE vs PIH,6,Scan your skin in 60s to distinguish red post-acne marks (PIE) from brown melanin spots (PIH) and get a targeted fading routine.
/acne/best-lactic-acid-serum-for-acne-prone-skin-india/,Active Ingredients & Actives,Check Active Skincare Ingredient Compatibility,5,Scan your face in 60s to verify if your current active ingredients are clearing your pores or causing chemical irritation.
/acne/best-mens-face-wash-pimples-dark-spots/,Acne Scars & Hyperpigmentation,Analyze Dark Spots: PIE vs PIH,6,Scan your skin in 60s to distinguish red post-acne marks (PIE) from brown melanin spots (PIH) and get a targeted fading routine.
/acne/best-micellar-water-for-acne-prone-skin-india/,General Skincare & Anti-Aging,Start Free AI Skin Scan,5,"Scan your face to detect active breakouts, fine lines, skin barrier health, and dark spots in 60 seconds."
/acne/best-moisturizer-for-aging-skin-usa/,Routines & Product Cleansers,Build Your Custom Active Routine,5,"Scan your face in 60s to get a personalized, non-comedogenic regimen tailored to your exact skin type."
/acne/best-moisturizer-for-dry-skin-india/,Routines & Product Cleansers,Build Your Custom Active Routine,5,"Scan your face in 60s to get a personalized, non-comedogenic regimen tailored to your exact skin type."
/acne/best-moisturizer-for-dry-skin-usa/,Routines & Product Cleansers,Build Your Custom Active Routine,5,"Scan your face in 60s to get a personalized, non-comedogenic regimen tailored to your exact skin type."
/acne/best-moisturizer-for-oily-acne-prone-skin-india/,Routines & Product Cleansers,Build Your Custom Active Routine,5,"Scan your face in 60s to get a personalized, non-comedogenic regimen tailored to your exact skin type."
/acne/best-moisturizer-for-oily-acne-prone-skin-usa/,Routines & Product Cleansers,Build Your Custom Active Routine,5,"Scan your face in 60s to get a personalized, non-comedogenic regimen tailored to your exact skin type."
/acne/best-niacinamide-serum-for-acne-india/,Active Ingredients & Actives,Check Active Skincare Ingredient Compatibility,5,Scan your face in 60s to verify if your current active ingredients are clearing your pores or causing chemical irritation.
/acne/best-non-comedogenic-moisturizer-europe/,Routines & Product Cleansers,Build Your Custom Active Routine,5,"Scan your face in 60s to get a personalized, non-comedogenic regimen tailored to your exact skin type."
/acne/best-non-comedogenic-moisturizer-india/,Routines & Product Cleansers,Build Your Custom Active Routine,5,"Scan your face in 60s to get a personalized, non-comedogenic regimen tailored to your exact skin type."
/acne/best-non-comedogenic-moisturizer-usa/,Routines & Product Cleansers,Build Your Custom Active Routine,5,"Scan your face in 60s to get a personalized, non-comedogenic regimen tailored to your exact skin type."
/acne/best-non-comedogenic-sunscreens-under-600-for-acne-prone-skin/,Routines & Product Cleansers,Build Your Custom Active Routine,5,"Scan your face in 60s to get a personalized, non-comedogenic regimen tailored to your exact skin type."
/acne/best-oil-free-moisturizer-for-acne-prone-skin-india/,Routines & Product Cleansers,Build Your Custom Active Routine,5,"Scan your face in 60s to get a personalized, non-comedogenic regimen tailored to your exact skin type."
/acne/best-peptide-serum-for-acne-scars-india/,Acne Scars & Hyperpigmentation,Analyze Dark Spots: PIE vs PIH,6,Scan your skin in 60s to distinguish red post-acne marks (PIE) from brown melanin spots (PIH) and get a targeted fading routine.
/acne/best-pimple-patch-india/,Face Map & Localized Acne,Run 3-Zone AI Face Map,5,"Scan your forehead, cheeks, and chin to pinpoint the root cause of localized acne (bacterial, fungal, or friction)."
/acne/best-pore-minimizer-serum-usa/,General Skincare & Anti-Aging,Start Free AI Skin Scan,5,"Scan your face to detect active breakouts, fine lines, skin barrier health, and dark spots in 60 seconds."
/acne/best-retinol-anti-aging-serum-india/,Retinoids & Retinization,Check Retinoid Tolerance & Skin Barrier,6,"Scan your face to detect flaking, redness, and micro-peeling before increasing your Adapalene or Tretinoin dosage."
/acne/best-retinol-serum-for-acne-india/,Retinoids & Retinization,Check Retinoid Tolerance & Skin Barrier,6,"Scan your face to detect flaking, redness, and micro-peeling before increasing your Adapalene or Tretinoin dosage."
/acne/best-retinol-serum-for-beginners-india/,Retinoids & Retinization,Check Retinoid Tolerance & Skin Barrier,6,"Scan your face to detect flaking, redness, and micro-peeling before increasing your Adapalene or Tretinoin dosage."
/acne/best-retinol-serum-for-beginners-usa/,Retinoids & Retinization,Check Retinoid Tolerance & Skin Barrier,6,"Scan your face to detect flaking, redness, and micro-peeling before increasing your Adapalene or Tretinoin dosage."
/acne/best-salicylic-acid-face-wash-india/,Active Ingredients & Actives,Check Active Skincare Ingredient Compatibility,5,Scan your face in 60s to verify if your current active ingredients are clearing your pores or causing chemical irritation.
/acne/best-salicylic-acid-face-wash-usa/,Active Ingredients & Actives,Check Active Skincare Ingredient Compatibility,5,Scan your face in 60s to verify if your current active ingredients are clearing your pores or causing chemical irritation.
/acne/best-salicylic-acid-products-india/,Active Ingredients & Actives,Check Active Skincare Ingredient Compatibility,5,Scan your face in 60s to verify if your current active ingredients are clearing your pores or causing chemical irritation.
/acne/best-serum-for-pimples-and-dark-spots-india/,Acne Scars & Hyperpigmentation,Analyze Dark Spots: PIE vs PIH,6,Scan your skin in 60s to distinguish red post-acne marks (PIE) from brown melanin spots (PIH) and get a targeted fading routine.
/acne/best-sulfur-spot-treatment-mask-usa/,General Skincare & Anti-Aging,Start Free AI Skin Scan,5,"Scan your face to detect active breakouts, fine lines, skin barrier health, and dark spots in 60 seconds."
/acne/best-sunscreen-for-acne-prone-skin-india/,Routines & Product Cleansers,Build Your Custom Active Routine,5,"Scan your face in 60s to get a personalized, non-comedogenic regimen tailored to your exact skin type."
/acne/best-sunscreen-for-dry-skin-india/,Routines & Product Cleansers,Build Your Custom Active Routine,5,"Scan your face in 60s to get a personalized, non-comedogenic regimen tailored to your exact skin type."
/acne/best-toner-for-oily-acne-prone-skin-india/,General Skincare & Anti-Aging,Start Free AI Skin Scan,5,"Scan your face to detect active breakouts, fine lines, skin barrier health, and dark spots in 60 seconds."
/acne/best-tranexamic-acid-serum-for-hyperpigmentation-india/,Acne Scars & Hyperpigmentation,Analyze Dark Spots: PIE vs PIH,6,Scan your skin in 60s to distinguish red post-acne marks (PIE) from brown melanin spots (PIH) and get a targeted fading routine.
/acne/best-vitamin-c-serum-dark-spots-usa/,Acne Scars & Hyperpigmentation,Analyze Dark Spots: PIE vs PIH,6,Scan your skin in 60s to distinguish red post-acne marks (PIE) from brown melanin spots (PIH) and get a targeted fading routine.
/acne/best-vitamin-c-serum-for-face-india/,General Skincare & Anti-Aging,Start Free AI Skin Scan,5,"Scan your face to detect active breakouts, fine lines, skin barrier health, and dark spots in 60 seconds."
/acne/best-wrinkle-cream-retinol-anti-aging-usa/,Retinoids & Retinization,Check Retinoid Tolerance & Skin Barrier,6,"Scan your face to detect flaking, redness, and micro-peeling before increasing your Adapalene or Tretinoin dosage."
/acne/blackheads-whiteheads/,General Skincare & Anti-Aging,Start Free AI Skin Scan,5,"Scan your face to detect active breakouts, fine lines, skin barrier health, and dark spots in 60 seconds."
/acne/blind-pimple-under-skin-treatment-usa/,Face Map & Localized Acne,Run 3-Zone AI Face Map,5,"Scan your forehead, cheeks, and chin to pinpoint the root cause of localized acne (bacterial, fungal, or friction)."
/acne/body-acne-india-bacne-chestne-guide/,Body Acne & Folliculitis,Analyze Body Acne & Bumps,5,"Upload a quick scan to differentiate sweat acne, friction folliculitis, and fungal body bumps in 60 seconds."
/acne/bpo-vs-salicylic-vs-adapalene-which-acne/,Retinoids & Retinization,Check Retinoid Tolerance & Skin Barrier,6,"Scan your face to detect flaking, redness, and micro-peeling before increasing your Adapalene or Tretinoin dosage."
/acne/butt-acne-buttocks-pimples-treatment-india/,Face Map & Localized Acne,Run 3-Zone AI Face Map,5,"Scan your forehead, cheeks, and chin to pinpoint the root cause of localized acne (bacterial, fungal, or friction)."
/acne/butt-acne-treatment-india/,Body Acne & Folliculitis,Analyze Body Acne & Bumps,5,"Upload a quick scan to differentiate sweat acne, friction folliculitis, and fungal body bumps in 60 seconds."
/acne/butt-folliculitis-cream-treatment-india/,Body Acne & Folliculitis,Analyze Body Acne & Bumps,5,"Upload a quick scan to differentiate sweat acne, friction folliculitis, and fungal body bumps in 60 seconds."
/acne/centella-asiatica-cica-for-acne-india/,Active Ingredients & Actives,Check Active Skincare Ingredient Compatibility,5,Scan your face in 60s to verify if your current active ingredients are clearing your pores or causing chemical irritation.
/acne/ceramide-moisturizer-for-acne-prone-skin-usa/,Routines & Product Cleansers,Build Your Custom Active Routine,5,"Scan your face in 60s to get a personalized, non-comedogenic regimen tailored to your exact skin type."
/acne/cerave-hydrating-cleanser-usa/,Routines & Product Cleansers,Build Your Custom Active Routine,5,"Scan your face in 60s to get a personalized, non-comedogenic regimen tailored to your exact skin type."
/acne/cerave-moisturizer-skin-barrier-india/,Routines & Product Cleansers,Build Your Custom Active Routine,5,"Scan your face in 60s to get a personalized, non-comedogenic regimen tailored to your exact skin type."
/acne/cerave-moisturizing-cream-dry-skin-india/,Routines & Product Cleansers,Build Your Custom Active Routine,5,"Scan your face in 60s to get a personalized, non-comedogenic regimen tailored to your exact skin type."
/acne/cerave-moisturizing-cream-usa/,Routines & Product Cleansers,Build Your Custom Active Routine,5,"Scan your face in 60s to get a personalized, non-comedogenic regimen tailored to your exact skin type."
/acne/cerave-renewing-sa-cleanser-bumpy-skin-usa/,Routines & Product Cleansers,Build Your Custom Active Routine,5,"Scan your face in 60s to get a personalized, non-comedogenic regimen tailored to your exact skin type."
/acne/cerave-resurfacing-retinol-serum-post-acne-marks-usa/,Acne Scars & Hyperpigmentation,Analyze Dark Spots: PIE vs PIH,6,Scan your skin in 60s to distinguish red post-acne marks (PIE) from brown melanin spots (PIH) and get a targeted fading routine.
/acne/cerave-resurfacing-retinol-serum-usa/,Retinoids & Retinization,Check Retinoid Tolerance & Skin Barrier,6,"Scan your face to detect flaking, redness, and micro-peeling before increasing your Adapalene or Tretinoin dosage."
/acne/cerave-sa-cleanser-for-rough-bumpy-skin-usa/,Routines & Product Cleansers,Build Your Custom Active Routine,5,"Scan your face in 60s to get a personalized, non-comedogenic regimen tailored to your exact skin type."
/acne/cetaphil-cleanser-for-acne-oily-skin-usa/,Routines & Product Cleansers,Build Your Custom Active Routine,5,"Scan your face in 60s to get a personalized, non-comedogenic regimen tailored to your exact skin type."
/acne/cetaphil-gentle-clear-salicylic-acid-cleanser-usa/,Active Ingredients & Actives,Check Active Skincare Ingredient Compatibility,5,Scan your face in 60s to verify if your current active ingredients are clearing your pores or causing chemical irritation.
/acne/champi-breakout-hair-oil-forehead-acne/,Purging & Breakout Diagnosis,Check Skin Purge vs Breakout,5,Scan your face in 60s to determine whether active bumps are normal cell turnover purging or a damaged skin barrier.
/acne/cheek-acne/,Face Map & Localized Acne,Run 3-Zone AI Face Map,5,"Scan your forehead, cheeks, and chin to pinpoint the root cause of localized acne (bacterial, fungal, or friction)."
/acne/cheek-acne-comparison/,Face Map & Localized Acne,Run 3-Zone AI Face Map,5,"Scan your forehead, cheeks, and chin to pinpoint the root cause of localized acne (bacterial, fungal, or friction)."
/acne/cheek-acne-meaning/,Face Map & Localized Acne,Run 3-Zone AI Face Map,5,"Scan your forehead, cheeks, and chin to pinpoint the root cause of localized acne (bacterial, fungal, or friction)."
/acne/chemical-peel-for-acne-scars-india/,Acne Scars & Hyperpigmentation,Analyze Dark Spots: PIE vs PIH,6,Scan your skin in 60s to distinguish red post-acne marks (PIE) from brown melanin spots (PIH) and get a targeted fading routine.
/acne/chest-acne-treatment-india/,Body Acne & Folliculitis,Analyze Body Acne & Bumps,5,"Upload a quick scan to differentiate sweat acne, friction folliculitis, and fungal body bumps in 60 seconds."
/acne/chin-acne/,Face Map & Localized Acne,Run 3-Zone AI Face Map,5,"Scan your forehead, cheeks, and chin to pinpoint the root cause of localized acne (bacterial, fungal, or friction)."
/acne/chin-acne-breakouts-hormonal-treatment-usa/,Purging & Breakout Diagnosis,Check Skin Purge vs Breakout,5,Scan your face in 60s to determine whether active bumps are normal cell turnover purging or a damaged skin barrier.
/acne/chin-acne-meaning/,Face Map & Localized Acne,Run 3-Zone AI Face Map,5,"Scan your forehead, cheeks, and chin to pinpoint the root cause of localized acne (bacterial, fungal, or friction)."
/acne/chin-breakouts-hormonal-acne-usa/,Purging & Breakout Diagnosis,Check Skin Purge vs Breakout,5,Scan your face in 60s to determine whether active bumps are normal cell turnover purging or a damaged skin barrier.
/acne/cica-soothing-moisturizer-for-acne-barrier-repair-india/,Active Ingredients & Actives,Check Active Skincare Ingredient Compatibility,5,Scan your face in 60s to verify if your current active ingredients are clearing your pores or causing chemical irritation.
/acne/cipla-saslic-ds-salicylic-acid-foaming-wash-india/,Active Ingredients & Actives,Check Active Skincare Ingredient Compatibility,5,Scan your face in 60s to verify if your current active ingredients are clearing your pores or causing chemical irritation.
/acne/cleansing-balm-for-acne-prone-skin-india/,Active Ingredients & Actives,Check Active Skincare Ingredient Compatibility,5,Scan your face in 60s to verify if your current active ingredients are clearing your pores or causing chemical irritation.
/acne/clearshines-gel-clindamycin-nicotinamide-acne-india/,General Skincare & Anti-Aging,Start Free AI Skin Scan,5,"Scan your face to detect active breakouts, fine lines, skin barrier health, and dark spots in 60 seconds."
/acne/clindamycin-gel-for-acne-india/,General Skincare & Anti-Aging,Start Free AI Skin Scan,5,"Scan your face to detect active breakouts, fine lines, skin barrier health, and dark spots in 60 seconds."
/acne/clindamycin-gel-for-acne-indian-skin/,General Skincare & Anti-Aging,Start Free AI Skin Scan,5,"Scan your face to detect active breakouts, fine lines, skin barrier health, and dark spots in 60 seconds."
/acne/clinka-n-gel-clindamycin-niacinamide-india/,Active Ingredients & Actives,Check Active Skincare Ingredient Compatibility,5,Scan your face in 60s to verify if your current active ingredients are clearing your pores or causing chemical irritation.
/acne/closed-comedones-treatment-india/,Face Map & Localized Acne,Run 3-Zone AI Face Map,5,"Scan your forehead, cheeks, and chin to pinpoint the root cause of localized acne (bacterial, fungal, or friction)."
/acne/closed-comedones-whiteheads-face-india/,Face Map & Localized Acne,Run 3-Zone AI Face Map,5,"Scan your forehead, cheeks, and chin to pinpoint the root cause of localized acne (bacterial, fungal, or friction)."
/acne/cosrx-salicylic-acid-daily-gentle-cleanser-usa/,Active Ingredients & Actives,Check Active Skincare Ingredient Compatibility,5,Scan your face in 60s to verify if your current active ingredients are clearing your pores or causing chemical irritation.
/acne/crows-feet-treatment-usa/,General Skincare & Anti-Aging,Start Free AI Skin Scan,5,"Scan your face to detect active breakouts, fine lines, skin barrier health, and dark spots in 60 seconds."
/acne/cycle-synced-skincare-predicting-breakouts/,Purging & Breakout Diagnosis,Check Skin Purge vs Breakout,5,Scan your face in 60s to determine whether active bumps are normal cell turnover purging or a damaged skin barrier.
/acne/cynomycin-50mg-100mg-capsule-acne-india/,General Skincare & Anti-Aging,Start Free AI Skin Scan,5,"Scan your face to detect active breakouts, fine lines, skin barrier health, and dark spots in 60 seconds."
/acne/cystic-acne-treatment-india/,General Skincare & Anti-Aging,Start Free AI Skin Scan,5,"Scan your face to detect active breakouts, fine lines, skin barrier health, and dark spots in 60 seconds."
/acne/cystic-chin-pimple/,Face Map & Localized Acne,Run 3-Zone AI Face Map,5,"Scan your forehead, cheeks, and chin to pinpoint the root cause of localized acne (bacterial, fungal, or friction)."
/acne/dapson-5-percent-gel-acne-india/,General Skincare & Anti-Aging,Start Free AI Skin Scan,5,"Scan your face to detect active breakouts, fine lines, skin barrier health, and dark spots in 60 seconds."
/acne/dapson-gel-5-percent-dapsone-acne-india/,General Skincare & Anti-Aging,Start Free AI Skin Scan,5,"Scan your face to detect active breakouts, fine lines, skin barrier health, and dark spots in 60 seconds."
/acne/dark-spot-corrector-serum-usa/,Acne Scars & Hyperpigmentation,Analyze Dark Spots: PIE vs PIH,6,Scan your skin in 60s to distinguish red post-acne marks (PIE) from brown melanin spots (PIH) and get a targeted fading routine.
/acne/differin-0.1-adapalene-gel-usa/,Retinoids & Retinization,Check Retinoid Tolerance & Skin Barrier,6,"Scan your face to detect flaking, redness, and micro-peeling before increasing your Adapalene or Tretinoin dosage."
/acne/differin-adapalene-0.1-percent-gel-usa/,Retinoids & Retinization,Check Retinoid Tolerance & Skin Barrier,6,"Scan your face to detect flaking, redness, and micro-peeling before increasing your Adapalene or Tretinoin dosage."
/acne/differin-daily-deep-cleanser-5-bpo-usa/,Retinoids & Retinization,Check Retinoid Tolerance & Skin Barrier,6,"Scan your face to detect flaking, redness, and micro-peeling before increasing your Adapalene or Tretinoin dosage."
/acne/differin-daily-deep-cleanser-benzoyl-peroxide-5-usa/,Retinoids & Retinization,Check Retinoid Tolerance & Skin Barrier,6,"Scan your face to detect flaking, redness, and micro-peeling before increasing your Adapalene or Tretinoin dosage."
/acne/differin-gel-usa/,Retinoids & Retinization,Check Retinoid Tolerance & Skin Barrier,6,"Scan your face to detect flaking, redness, and micro-peeling before increasing your Adapalene or Tretinoin dosage."
/acne/differin-resurfacing-scar-gel-review-usa/,Acne Scars & Hyperpigmentation,Analyze Dark Spots: PIE vs PIH,6,Scan your skin in 60s to distinguish red post-acne marks (PIE) from brown melanin spots (PIH) and get a targeted fading routine.
/acne/differin-resurfacing-scars-gel-glycolic-acid-usa/,Acne Scars & Hyperpigmentation,Analyze Dark Spots: PIE vs PIH,6,Scan your skin in 60s to distinguish red post-acne marks (PIE) from brown melanin spots (PIH) and get a targeted fading routine.
/acne/does-sunscreen-cause-pimples/,Face Map & Localized Acne,Run 3-Zone AI Face Map,5,"Scan your forehead, cheeks, and chin to pinpoint the root cause of localized acne (bacterial, fungal, or friction)."
/acne/double-cleansing-acne-prone-skin-india/,Routines & Product Cleansers,Build Your Custom Active Routine,5,"Scan your face in 60s to get a personalized, non-comedogenic regimen tailored to your exact skin type."
/acne/double-cleansing-for-acne-prone-skin-india/,Routines & Product Cleansers,Build Your Custom Active Routine,5,"Scan your face in 60s to get a personalized, non-comedogenic regimen tailored to your exact skin type."
/acne/double-cleansing-oily-acne-prone-skin-india/,Routines & Product Cleansers,Build Your Custom Active Routine,5,"Scan your face in 60s to get a personalized, non-comedogenic regimen tailored to your exact skin type."
/acne/double-cleansing-oily-acne-skin-india/,Routines & Product Cleansers,Build Your Custom Active Routine,5,"Scan your face in 60s to get a personalized, non-comedogenic regimen tailored to your exact skin type."
/acne/double-cleansing-routine-acne-prone-skin-india/,Routines & Product Cleansers,Build Your Custom Active Routine,5,"Scan your face in 60s to get a personalized, non-comedogenic regimen tailored to your exact skin type."
/acne/dry-skin-acne-treatment/,General Skincare & Anti-Aging,Start Free AI Skin Scan,5,"Scan your face to detect active breakouts, fine lines, skin barrier health, and dark spots in 60 seconds."
/acne/episoft-ac-spf-30-moisturizer-acne-prone-skin-india/,Routines & Product Cleansers,Build Your Custom Active Routine,5,"Scan your face in 60s to get a personalized, non-comedogenic regimen tailored to your exact skin type."
/acne/episoft-ac-spf-30-review-india/,Routines & Product Cleansers,Build Your Custom Active Routine,5,"Scan your face in 60s to get a personalized, non-comedogenic regimen tailored to your exact skin type."
/acne/exam-stress-acne-pimple-prevention/,Face Map & Localized Acne,Run 3-Zone AI Face Map,5,"Scan your forehead, cheeks, and chin to pinpoint the root cause of localized acne (bacterial, fungal, or friction)."
/acne/exazel-n-azelaic-acid-niacinamide-cream-india/,Active Ingredients & Actives,Check Active Skincare Ingredient Compatibility,5,Scan your face in 60s to verify if your current active ingredients are clearing your pores or causing chemical irritation.
/acne/exazel-n-cream-review-india/,General Skincare & Anti-Aging,Start Free AI Skin Scan,5,"Scan your face to detect active breakouts, fine lines, skin barrier health, and dark spots in 60 seconds."
/acne/face-acne-lifestyle-triggers-india/,General Skincare & Anti-Aging,Start Free AI Skin Scan,5,"Scan your face to detect active breakouts, fine lines, skin barrier health, and dark spots in 60 seconds."
/acne/face-map/,General Skincare & Anti-Aging,Start Free AI Skin Scan,5,"Scan your face to detect active breakouts, fine lines, skin barrier health, and dark spots in 60 seconds."
/acne/fade-dark-spots-bacne-scars-india/,Acne Scars & Hyperpigmentation,Analyze Dark Spots: PIE vs PIH,6,Scan your skin in 60s to distinguish red post-acne marks (PIE) from brown melanin spots (PIH) and get a targeted fading routine.
/acne/food-intolerance-test-for-acne-india/,General Skincare & Anti-Aging,Start Free AI Skin Scan,5,"Scan your face to detect active breakouts, fine lines, skin barrier health, and dark spots in 60 seconds."
/acne/forehead-acne/,Face Map & Localized Acne,Run 3-Zone AI Face Map,5,"Scan your forehead, cheeks, and chin to pinpoint the root cause of localized acne (bacterial, fungal, or friction)."
/acne/forehead-acne-cheat-sheet/,Face Map & Localized Acne,Run 3-Zone AI Face Map,5,"Scan your forehead, cheeks, and chin to pinpoint the root cause of localized acne (bacterial, fungal, or friction)."
/acne/forehead-acne-dandruff/,Face Map & Localized Acne,Run 3-Zone AI Face Map,5,"Scan your forehead, cheeks, and chin to pinpoint the root cause of localized acne (bacterial, fungal, or friction)."
/acne/forehead-acne-organ-connection/,Face Map & Localized Acne,Run 3-Zone AI Face Map,5,"Scan your forehead, cheeks, and chin to pinpoint the root cause of localized acne (bacterial, fungal, or friction)."
/acne/fungal-acne-safe-moisturizers/,Routines & Product Cleansers,Build Your Custom Active Routine,5,"Scan your face in 60s to get a personalized, non-comedogenic regimen tailored to your exact skin type."
/acne/fungal-acne-safe-sunscreen-india/,Routines & Product Cleansers,Build Your Custom Active Routine,5,"Scan your face in 60s to get a personalized, non-comedogenic regimen tailored to your exact skin type."
/acne/fungal-acne-vs-bacterial-acne-face-india/,General Skincare & Anti-Aging,Start Free AI Skin Scan,5,"Scan your face to detect active breakouts, fine lines, skin barrier health, and dark spots in 60 seconds."
/acne/fungal-acne-vs-regular-acne-india/,General Skincare & Anti-Aging,Start Free AI Skin Scan,5,"Scan your face to detect active breakouts, fine lines, skin barrier health, and dark spots in 60 seconds."
/acne/fungal-acne-vs-regular-acne-treatment-india/,General Skincare & Anti-Aging,Start Free AI Skin Scan,5,"Scan your face to detect active breakouts, fine lines, skin barrier health, and dark spots in 60 seconds."
/acne/glyco-6-vs-glyco-12-cream-india/,General Skincare & Anti-Aging,Start Free AI Skin Scan,5,"Scan your face to detect active breakouts, fine lines, skin barrier health, and dark spots in 60 seconds."
/acne/glycolic-acid-6-percent-vs-12-percent-cream-india/,Active Ingredients & Actives,Check Active Skincare Ingredient Compatibility,5,Scan your face in 60s to verify if your current active ingredients are clearing your pores or causing chemical irritation.
/acne/glycolic-acid-face-wash-for-pigmentation-india/,Active Ingredients & Actives,Check Active Skincare Ingredient Compatibility,5,Scan your face in 60s to verify if your current active ingredients are clearing your pores or causing chemical irritation.
/acne/glycolic-acid-toner-for-acne-india/,Active Ingredients & Actives,Check Active Skincare Ingredient Compatibility,5,Scan your face in 60s to verify if your current active ingredients are clearing your pores or causing chemical irritation.
/acne/glycolic-acid-toner-for-pigmentation-india/,Active Ingredients & Actives,Check Active Skincare Ingredient Compatibility,5,Scan your face in 60s to verify if your current active ingredients are clearing your pores or causing chemical irritation.
/acne/glycolic-acid-toner-pigmentation-dark-spots-india/,Acne Scars & Hyperpigmentation,Analyze Dark Spots: PIE vs PIH,6,Scan your skin in 60s to distinguish red post-acne marks (PIE) from brown melanin spots (PIH) and get a targeted fading routine.
/acne/glycolic-acid-vs-salicylic-acid-acne-india/,Active Ingredients & Actives,Check Active Skincare Ingredient Compatibility,5,Scan your face in 60s to verify if your current active ingredients are clearing your pores or causing chemical irritation.
/acne/gut-microbiome-test-for-acne-india/,General Skincare & Anti-Aging,Start Free AI Skin Scan,5,"Scan your face to detect active breakouts, fine lines, skin barrier health, and dark spots in 60 seconds."
/acne/gym-body-acne-post-workout-routine/,Body Acne & Folliculitis,Analyze Body Acne & Bumps,5,"Upload a quick scan to differentiate sweat acne, friction folliculitis, and fungal body bumps in 60 seconds."
/acne/gym-monsoon-acne-preventing-sweat-pimples-in-indian-humidity/,Face Map & Localized Acne,Run 3-Zone AI Face Map,5,"Scan your forehead, cheeks, and chin to pinpoint the root cause of localized acne (bacterial, fungal, or friction)."
/acne/hard-water-acne-treatment-india/,General Skincare & Anti-Aging,Start Free AI Skin Scan,5,"Scan your face to detect active breakouts, fine lines, skin barrier health, and dark spots in 60 seconds."
/acne/health-checkup-package-for-acne-india/,General Skincare & Anti-Aging,Start Free AI Skin Scan,5,"Scan your face to detect active breakouts, fine lines, skin barrier health, and dark spots in 60 seconds."
/acne/heavy-metal-test-for-acne-india/,General Skincare & Anti-Aging,Start Free AI Skin Scan,5,"Scan your face to detect active breakouts, fine lines, skin barrier health, and dark spots in 60 seconds."
/acne/helmet-acne-mechanica-forehead-prevention-india/,Face Map & Localized Acne,Run 3-Zone AI Face Map,5,"Scan your forehead, cheeks, and chin to pinpoint the root cause of localized acne (bacterial, fungal, or friction)."
/acne/hero-cosmetics-rescue-balm-post-blemish-cream-usa/,General Skincare & Anti-Aging,Start Free AI Skin Scan,5,"Scan your face to detect active breakouts, fine lines, skin barrier health, and dark spots in 60 seconds."
/acne/hero-mighty-patch-invisible-plus-pimple-patches-usa/,Face Map & Localized Acne,Run 3-Zone AI Face Map,5,"Scan your forehead, cheeks, and chin to pinpoint the root cause of localized acne (bacterial, fungal, or friction)."
/acne/hero-mighty-patch-invisible-review-usa/,General Skincare & Anti-Aging,Start Free AI Skin Scan,5,"Scan your face to detect active breakouts, fine lines, skin barrier health, and dark spots in 60 seconds."
/acne/hero-mighty-patch-pimple-patches-usa/,Face Map & Localized Acne,Run 3-Zone AI Face Map,5,"Scan your forehead, cheeks, and chin to pinpoint the root cause of localized acne (bacterial, fungal, or friction)."
/acne/hero-pimple-patch-usa/,Face Map & Localized Acne,Run 3-Zone AI Face Map,5,"Scan your forehead, cheeks, and chin to pinpoint the root cause of localized acne (bacterial, fungal, or friction)."
/acne/hero-rescue-balm-post-blemish-cream-usa/,General Skincare & Anti-Aging,Start Free AI Skin Scan,5,"Scan your face to detect active breakouts, fine lines, skin barrier health, and dark spots in 60 seconds."
/acne/hormonal-acne-blood-tests/,Hormonal Acne & Internal Health,Detect Jawline Hormonal Acne Patterns,5,Scan your jawline and chin to evaluate hormonal acne severity and get a dermatologist-backed active routine.
/acne/hormonal-acne-diet-india/,Hormonal Acne & Internal Health,Detect Jawline Hormonal Acne Patterns,5,Scan your jawline and chin to evaluate hormonal acne severity and get a dermatologist-backed active routine.
/acne/hormonal-acne-jawline-map-is-your-period-causing-these-breakouts-/,Purging & Breakout Diagnosis,Check Skin Purge vs Breakout,5,Scan your face in 60s to determine whether active bumps are normal cell turnover purging or a damaged skin barrier.
/acne/hormonal-acne-pcos-periods-india/,Hormonal Acne & Internal Health,Detect Jawline Hormonal Acne Patterns,5,Scan your jawline and chin to evaluate hormonal acne severity and get a dermatologist-backed active routine.
/acne/hormonal-acne-vs-bacterial-acne-difference-india/,Hormonal Acne & Internal Health,Detect Jawline Hormonal Acne Patterns,5,Scan your jawline and chin to evaluate hormonal acne severity and get a dermatologist-backed active routine.
/acne/hormonal-acne-vs-bacterial-acne-india/,Hormonal Acne & Internal Health,Detect Jawline Hormonal Acne Patterns,5,Scan your jawline and chin to evaluate hormonal acne severity and get a dermatologist-backed active routine.
/acne/hormonal-acne-vs-oily-skin/,Hormonal Acne & Internal Health,Detect Jawline Hormonal Acne Patterns,5,Scan your jawline and chin to evaluate hormonal acne severity and get a dermatologist-backed active routine.
/acne/how-to-prevent-acne-scarring/,Acne Scars & Hyperpigmentation,Analyze Dark Spots: PIE vs PIH,6,Scan your skin in 60s to distinguish red post-acne marks (PIE) from brown melanin spots (PIH) and get a targeted fading routine.
/acne/how-to-repair-damaged-skin-barrier-acne-india/,General Skincare & Anti-Aging,Start Free AI Skin Scan,5,"Scan your face to detect active breakouts, fine lines, skin barrier health, and dark spots in 60 seconds."
/acne/how-to-use-salicylic-acid-without-damaging-skin-barrier/,Active Ingredients & Actives,Check Active Skincare Ingredient Compatibility,5,Scan your face in 60s to verify if your current active ingredients are clearing your pores or causing chemical irritation.
/acne/how-to-use-salicylic-acid-without-damaging-your-skin-barrier/,Active Ingredients & Actives,Check Active Skincare Ingredient Compatibility,5,Scan your face in 60s to verify if your current active ingredients are clearing your pores or causing chemical irritation.
/acne/hydrocolloid-pimple-patches-cystic-acne-usa/,Face Map & Localized Acne,Run 3-Zone AI Face Map,5,"Scan your forehead, cheeks, and chin to pinpoint the root cause of localized acne (bacterial, fungal, or friction)."
/acne/hydrocolloid-pimple-patches-usa/,Face Map & Localized Acne,Run 3-Zone AI Face Map,5,"Scan your forehead, cheeks, and chin to pinpoint the root cause of localized acne (bacterial, fungal, or friction)."
/acne/hyperpigmentation-treatment-india/,Acne Scars & Hyperpigmentation,Analyze Dark Spots: PIE vs PIH,6,Scan your skin in 60s to distinguish red post-acne marks (PIE) from brown melanin spots (PIH) and get a targeted fading routine.
/acne/ice-pick-scars-vs-boxcar-scars-treatment-india/,Acne Scars & Hyperpigmentation,Analyze Dark Spots: PIE vs PIH,6,Scan your skin in 60s to distinguish red post-acne marks (PIE) from brown melanin spots (PIH) and get a targeted fading routine.
/acne/indian-acne-diet-guide/,Hormonal Acne & Internal Health,Detect Jawline Hormonal Acne Patterns,5,Scan your jawline and chin to evaluate hormonal acne severity and get a dermatologist-backed active routine.
/acne/inflammatory-markers-test-for-acne-india/,Acne Scars & Hyperpigmentation,Analyze Dark Spots: PIE vs PIH,6,Scan your skin in 60s to distinguish red post-acne marks (PIE) from brown melanin spots (PIH) and get a targeted fading routine.
/acne/inkey-list-salicylic-acid-cleanser-review-usa/,Active Ingredients & Actives,Check Active Skincare Ingredient Compatibility,5,Scan your face in 60s to verify if your current active ingredients are clearing your pores or causing chemical irritation.
/acne/insulin-resistance-test-for-acne-india/,General Skincare & Anti-Aging,Start Free AI Skin Scan,5,"Scan your face to detect active breakouts, fine lines, skin barrier health, and dark spots in 60 seconds."
/acne/iron-deficiency-test-for-acne-india/,Hormonal Acne & Internal Health,Detect Jawline Hormonal Acne Patterns,5,Scan your jawline and chin to evaluate hormonal acne severity and get a dermatologist-backed active routine.
/acne/isotretinoin-10mg-20mg-acne-india/,Retinoids & Retinization,Check Retinoid Tolerance & Skin Barrier,6,"Scan your face to detect flaking, redness, and micro-peeling before increasing your Adapalene or Tretinoin dosage."
/acne/isotretinoin-capsules-acne-treatment-india/,Retinoids & Retinization,Check Retinoid Tolerance & Skin Barrier,6,"Scan your face to detect flaking, redness, and micro-peeling before increasing your Adapalene or Tretinoin dosage."
/acne/isotroin-10-20-isotretinoin-capsule-acne-india/,Retinoids & Retinization,Check Retinoid Tolerance & Skin Barrier,6,"Scan your face to detect flaking, redness, and micro-peeling before increasing your Adapalene or Tretinoin dosage."
/acne/isotroin-10mg-20mg-isotretinoin-capsules-india/,Retinoids & Retinization,Check Retinoid Tolerance & Skin Barrier,6,"Scan your face to detect flaking, redness, and micro-peeling before increasing your Adapalene or Tretinoin dosage."
/acne/jawline-acne-meaning-hormonal-vs-product/,Hormonal Acne & Internal Health,Detect Jawline Hormonal Acne Patterns,5,Scan your jawline and chin to evaluate hormonal acne severity and get a dermatologist-backed active routine.
/acne/jawline-acne-treatment-india/,General Skincare & Anti-Aging,Start Free AI Skin Scan,5,"Scan your face to detect active breakouts, fine lines, skin barrier health, and dark spots in 60 seconds."
/acne/kojic-acid-dermatologist-cream-pigmentation-india/,General Skincare & Anti-Aging,Start Free AI Skin Scan,5,"Scan your face to detect active breakouts, fine lines, skin barrier health, and dark spots in 60 seconds."
/acne/kojic-acid-for-acne-scars-dark-spots-india/,Acne Scars & Hyperpigmentation,Analyze Dark Spots: PIE vs PIH,6,Scan your skin in 60s to distinguish red post-acne marks (PIE) from brown melanin spots (PIH) and get a targeted fading routine.
/acne/la-roche-posay-effaclar-duo-acne-treatment-usa/,General Skincare & Anti-Aging,Start Free AI Skin Scan,5,"Scan your face to detect active breakouts, fine lines, skin barrier health, and dark spots in 60 seconds."
/acne/la-roche-posay-effaclar-duo-bpo-lha-usa/,Active Ingredients & Actives,Check Active Skincare Ingredient Compatibility,5,Scan your face in 60s to verify if your current active ingredients are clearing your pores or causing chemical irritation.
/acne/la-roche-posay-toleriane-cleanser-usa/,Routines & Product Cleansers,Build Your Custom Active Routine,5,"Scan your face in 60s to get a personalized, non-comedogenic regimen tailored to your exact skin type."
/acne/lactic-acid-serum-for-sensitive-skin-india/,Active Ingredients & Actives,Check Active Skincare Ingredient Compatibility,5,Scan your face in 60s to verify if your current active ingredients are clearing your pores or causing chemical irritation.
/acne/laser-treatment-acne-scars-cost-usa/,Acne Scars & Hyperpigmentation,Analyze Dark Spots: PIE vs PIH,6,Scan your skin in 60s to distinguish red post-acne marks (PIE) from brown melanin spots (PIH) and get a targeted fading routine.
/acne/lipid-profile-test-for-acne-india/,Face Map & Localized Acne,Run 3-Zone AI Face Map,5,"Scan your forehead, cheeks, and chin to pinpoint the root cause of localized acne (bacterial, fungal, or friction)."
/acne/liver-function-test-for-acne-india/,General Skincare & Anti-Aging,Start Free AI Skin Scan,5,"Scan your face to detect active breakouts, fine lines, skin barrier health, and dark spots in 60 seconds."
/acne/lower-face-treatment/,General Skincare & Anti-Aging,Start Free AI Skin Scan,5,"Scan your face to detect active breakouts, fine lines, skin barrier health, and dark spots in 60 seconds."
/acne/mandelic-acid-serum-usa/,General Skincare & Anti-Aging,Start Free AI Skin Scan,5,"Scan your face to detect active breakouts, fine lines, skin barrier health, and dark spots in 60 seconds."
/acne/mario-badescu-drying-lotion-review-usa/,General Skincare & Anti-Aging,Start Free AI Skin Scan,5,"Scan your face to detect active breakouts, fine lines, skin barrier health, and dark spots in 60 seconds."
/acne/mario-badescu-drying-lotion-salicylic-calamine-usa/,Active Ingredients & Actives,Check Active Skincare Ingredient Compatibility,5,Scan your face in 60s to verify if your current active ingredients are clearing your pores or causing chemical irritation.
/acne/marionette-lines-treatment-india/,General Skincare & Anti-Aging,Start Free AI Skin Scan,5,"Scan your face to detect active breakouts, fine lines, skin barrier health, and dark spots in 60 seconds."
/acne/marionette-lines-treatment-usa/,General Skincare & Anti-Aging,Start Free AI Skin Scan,5,"Scan your face to detect active breakouts, fine lines, skin barrier health, and dark spots in 60 seconds."
/acne/men-acne-faq/,General Skincare & Anti-Aging,Start Free AI Skin Scan,5,"Scan your face to detect active breakouts, fine lines, skin barrier health, and dark spots in 60 seconds."
/acne/microneedling-vs-chemical-peels-scars/,Acne Scars & Hyperpigmentation,Analyze Dark Spots: PIE vs PIH,6,Scan your skin in 60s to distinguish red post-acne marks (PIE) from brown melanin spots (PIH) and get a targeted fading routine.
/acne/mineral-vs-chemical-sunscreen-active-acne/,Routines & Product Cleansers,Build Your Custom Active Routine,5,"Scan your face in 60s to get a personalized, non-comedogenic regimen tailored to your exact skin type."
/acne/minimalist-10-percent-vitamin-c-serum-acne-marks-india/,Acne Scars & Hyperpigmentation,Analyze Dark Spots: PIE vs PIH,6,Scan your skin in 60s to distinguish red post-acne marks (PIE) from brown melanin spots (PIH) and get a targeted fading routine.
/acne/minimalist-10-vitamin-c-serum-review-india/,General Skincare & Anti-Aging,Start Free AI Skin Scan,5,"Scan your face to detect active breakouts, fine lines, skin barrier health, and dark spots in 60 seconds."
/acne/minimalist-acne-routine/,Routines & Product Cleansers,Build Your Custom Active Routine,5,"Scan your face in 60s to get a personalized, non-comedogenic regimen tailored to your exact skin type."
/acne/minocycline-100mg-tablets-acne-treatment-india/,General Skincare & Anti-Aging,Start Free AI Skin Scan,5,"Scan your face to detect active breakouts, fine lines, skin barrier health, and dark spots in 60 seconds."
/acne/mixing-salicylic-acid-with-retinol-adapalene/,Retinoids & Retinization,Check Retinoid Tolerance & Skin Barrier,6,"Scan your face to detect flaking, redness, and micro-peeling before increasing your Adapalene or Tretinoin dosage."
/acne/monsoon-fungal-acne-routine/,Routines & Product Cleansers,Build Your Custom Active Routine,5,"Scan your face in 60s to get a personalized, non-comedogenic regimen tailored to your exact skin type."
/acne/murad-rapid-relief-acne-spot-treatment-usa/,General Skincare & Anti-Aging,Start Free AI Skin Scan,5,"Scan your face to detect active breakouts, fine lines, skin barrier health, and dark spots in 60 seconds."
/acne/murad-rapid-relief-spot-treatment-review-usa/,General Skincare & Anti-Aging,Start Free AI Skin Scan,5,"Scan your face to detect active breakouts, fine lines, skin barrier health, and dark spots in 60 seconds."
/acne/mymirror-vs-top-dermatology-acne-brands-india/,General Skincare & Anti-Aging,Start Free AI Skin Scan,5,"Scan your face to detect active breakouts, fine lines, skin barrier health, and dark spots in 60 seconds."
/acne/neutrogena-hydro-boost-gel-cream-usa/,General Skincare & Anti-Aging,Start Free AI Skin Scan,5,"Scan your face to detect active breakouts, fine lines, skin barrier health, and dark spots in 60 seconds."
/acne/neutrogena-stubborn-acne-3.5-bpo-cleanser-usa/,Active Ingredients & Actives,Check Active Skincare Ingredient Compatibility,5,Scan your face in 60s to verify if your current active ingredients are clearing your pores or causing chemical irritation.
/acne/neutrogena-stubborn-acne-benzoyl-peroxide-wash-usa/,Active Ingredients & Actives,Check Active Skincare Ingredient Compatibility,5,Scan your face in 60s to verify if your current active ingredients are clearing your pores or causing chemical irritation.
/acne/niacinamide-10-percent-vs-5-percent-serum-india/,Active Ingredients & Actives,Check Active Skincare Ingredient Compatibility,5,Scan your face in 60s to verify if your current active ingredients are clearing your pores or causing chemical irritation.
/acne/niacinamide-5-percent-serum-for-acne-marks-india/,Acne Scars & Hyperpigmentation,Analyze Dark Spots: PIE vs PIH,6,Scan your skin in 60s to distinguish red post-acne marks (PIE) from brown melanin spots (PIH) and get a targeted fading routine.
/acne/niacinamide-acne-dark-spots-india/,Acne Scars & Hyperpigmentation,Analyze Dark Spots: PIE vs PIH,6,Scan your skin in 60s to distinguish red post-acne marks (PIE) from brown melanin spots (PIH) and get a targeted fading routine.
/acne/niacinamide-moisturizer-for-acne-india/,Active Ingredients & Actives,Check Active Skincare Ingredient Compatibility,5,Scan your face in 60s to verify if your current active ingredients are clearing your pores or causing chemical irritation.
/acne/niacinamide-purging-or-breakout/,Purging & Breakout Diagnosis,Check Skin Purge vs Breakout,5,Scan your face in 60s to determine whether active bumps are normal cell turnover purging or a damaged skin barrier.
/acne/niacinamide-serum-for-pores-usa/,Active Ingredients & Actives,Check Active Skincare Ingredient Compatibility,5,Scan your face in 60s to verify if your current active ingredients are clearing your pores or causing chemical irritation.
/acne/niacinamide-serums-india/,Active Ingredients & Actives,Check Active Skincare Ingredient Compatibility,5,Scan your face in 60s to verify if your current active ingredients are clearing your pores or causing chemical irritation.
/acne/niacinamide-vs-azelaic-acid-india/,Active Ingredients & Actives,Check Active Skincare Ingredient Compatibility,5,Scan your face in 60s to verify if your current active ingredients are clearing your pores or causing chemical irritation.
/acne/niacinamide-vs-vitamin-c-dark-spots-india/,Acne Scars & Hyperpigmentation,Analyze Dark Spots: PIE vs PIH,6,Scan your skin in 60s to distinguish red post-acne marks (PIE) from brown melanin spots (PIH) and get a targeted fading routine.
/acne/nighttime-routine-forehead-acne-prevention/,Face Map & Localized Acne,Run 3-Zone AI Face Map,5,"Scan your forehead, cheeks, and chin to pinpoint the root cause of localized acne (bacterial, fungal, or friction)."
/acne/no-scars-cream-vs-mederma-acne-scars/,Acne Scars & Hyperpigmentation,Analyze Dark Spots: PIE vs PIH,6,Scan your skin in 60s to distinguish red post-acne marks (PIE) from brown melanin spots (PIH) and get a targeted fading routine.
/acne/nodule-cyst/,General Skincare & Anti-Aging,Start Free AI Skin Scan,5,"Scan your face to detect active breakouts, fine lines, skin barrier health, and dark spots in 60 seconds."
/acne/non-comedogenic-sunscreen-acne-prone-skin-india/,Routines & Product Cleansers,Build Your Custom Active Routine,5,"Scan your face in 60s to get a personalized, non-comedogenic regimen tailored to your exact skin type."
/acne/nose-acne-treatment/,Face Map & Localized Acne,Run 3-Zone AI Face Map,5,"Scan your forehead, cheeks, and chin to pinpoint the root cause of localized acne (bacterial, fungal, or friction)."
/acne/nose-pimple-treatments-home-remedies-clinical-cures/,Face Map & Localized Acne,Run 3-Zone AI Face Map,5,"Scan your forehead, cheeks, and chin to pinpoint the root cause of localized acne (bacterial, fungal, or friction)."
/acne/oil-free-moisturizer-acne-prone-skin-india/,Routines & Product Cleansers,Build Your Custom Active Routine,5,"Scan your face in 60s to get a personalized, non-comedogenic regimen tailored to your exact skin type."
/acne/omega-3-fish-oil-for-acne-india/,General Skincare & Anti-Aging,Start Free AI Skin Scan,5,"Scan your face to detect active breakouts, fine lines, skin barrier health, and dark spots in 60 seconds."
/acne/panoxyl-10-percent-acne-wash-usa/,Routines & Product Cleansers,Build Your Custom Active Routine,5,"Scan your face in 60s to get a personalized, non-comedogenic regimen tailored to your exact skin type."
/acne/panoxyl-10-percent-benzoyl-peroxide-acne-wash-usa/,Active Ingredients & Actives,Check Active Skincare Ingredient Compatibility,5,Scan your face in 60s to verify if your current active ingredients are clearing your pores or causing chemical irritation.
/acne/paulas-choice-10-azelaic-acid-review-usa/,Active Ingredients & Actives,Check Active Skincare Ingredient Compatibility,5,Scan your face in 60s to verify if your current active ingredients are clearing your pores or causing chemical irritation.
/acne/paulas-choice-10-percent-azelaic-acid-booster-usa/,Active Ingredients & Actives,Check Active Skincare Ingredient Compatibility,5,Scan your face in 60s to verify if your current active ingredients are clearing your pores or causing chemical irritation.
/acne/paulas-choice-2-percent-bha-liquid-exfoliant-usa/,General Skincare & Anti-Aging,Start Free AI Skin Scan,5,"Scan your face to detect active breakouts, fine lines, skin barrier health, and dark spots in 60 seconds."
/acne/pcos-acne-treatment-india/,Hormonal Acne & Internal Health,Detect Jawline Hormonal Acne Patterns,5,Scan your jawline and chin to evaluate hormonal acne severity and get a dermatologist-backed active routine.
/acne/pcos-supplements-spearmint-inositol-india/,Hormonal Acne & Internal Health,Detect Jawline Hormonal Acne Patterns,5,Scan your jawline and chin to evaluate hormonal acne severity and get a dermatologist-backed active routine.
/acne/peace-out-acne-healing-dots-review-usa/,General Skincare & Anti-Aging,Start Free AI Skin Scan,5,"Scan your face to detect active breakouts, fine lines, skin barrier health, and dark spots in 60 seconds."
/acne/peace-out-acne-salicylic-acid-dots-usa/,Active Ingredients & Actives,Check Active Skincare Ingredient Compatibility,5,Scan your face in 60s to verify if your current active ingredients are clearing your pores or causing chemical irritation.
/acne/perobar-5-soap-bar-bacne-india/,Body Acne & Folliculitis,Analyze Body Acne & Bumps,5,"Upload a quick scan to differentiate sweat acne, friction folliculitis, and fungal body bumps in 60 seconds."
/acne/perobar-benzoyl-peroxide-5-percent-soap-india/,Active Ingredients & Actives,Check Active Skincare Ingredient Compatibility,5,Scan your face in 60s to verify if your current active ingredients are clearing your pores or causing chemical irritation.
/acne/persol-ac-2.5-vs-5-gel-india/,General Skincare & Anti-Aging,Start Free AI Skin Scan,5,"Scan your face to detect active breakouts, fine lines, skin barrier health, and dark spots in 60 seconds."
/acne/persol-acne-gel-benzoyl-peroxide-2.5-vs-5-india/,Active Ingredients & Actives,Check Active Skincare Ingredient Compatibility,5,Scan your face in 60s to verify if your current active ingredients are clearing your pores or causing chemical irritation.
/acne/pie-vs-pih-indian-skin/,Acne Scars & Hyperpigmentation,Analyze Dark Spots: PIE vs PIH,6,Scan your skin in 60s to distinguish red post-acne marks (PIE) from brown melanin spots (PIH) and get a targeted fading routine.
/acne/pimple-on-forehead-hindi/,Face Map & Localized Acne,Run 3-Zone AI Face Map,5,"Scan your forehead, cheeks, and chin to pinpoint the root cause of localized acne (bacterial, fungal, or friction)."
/acne/pimple-on-lip-vs-cold-sore-india/,Face Map & Localized Acne,Run 3-Zone AI Face Map,5,"Scan your forehead, cheeks, and chin to pinpoint the root cause of localized acne (bacterial, fungal, or friction)."
/acne/pimple-on-nose-treatment-india/,Face Map & Localized Acne,Run 3-Zone AI Face Map,5,"Scan your forehead, cheeks, and chin to pinpoint the root cause of localized acne (bacterial, fungal, or friction)."
/acne/pimple-patch-for-acne-india/,Face Map & Localized Acne,Run 3-Zone AI Face Map,5,"Scan your forehead, cheeks, and chin to pinpoint the root cause of localized acne (bacterial, fungal, or friction)."
/acne/pimple-patch-usa/,Face Map & Localized Acne,Run 3-Zone AI Face Map,5,"Scan your forehead, cheeks, and chin to pinpoint the root cause of localized acne (bacterial, fungal, or friction)."
/acne/pimple-patches-in-india-which-types-work-for-cystic-vs-whiteheads-/,Face Map & Localized Acne,Run 3-Zone AI Face Map,5,"Scan your forehead, cheeks, and chin to pinpoint the root cause of localized acne (bacterial, fungal, or friction)."
/acne/pimple-patches-india-cystic-vs-whiteheads/,Face Map & Localized Acne,Run 3-Zone AI Face Map,5,"Scan your forehead, cheeks, and chin to pinpoint the root cause of localized acne (bacterial, fungal, or friction)."
/acne/pimple-popping-habits-teenage-skin/,Face Map & Localized Acne,Run 3-Zone AI Face Map,5,"Scan your forehead, cheeks, and chin to pinpoint the root cause of localized acne (bacterial, fungal, or friction)."
/acne/pimple-under-skin-treatment-india/,Face Map & Localized Acne,Run 3-Zone AI Face Map,5,"Scan your forehead, cheeks, and chin to pinpoint the root cause of localized acne (bacterial, fungal, or friction)."
/acne/pimple-under-the-skin-usa/,Face Map & Localized Acne,Run 3-Zone AI Face Map,5,"Scan your forehead, cheeks, and chin to pinpoint the root cause of localized acne (bacterial, fungal, or friction)."
/acne/pimple-zit/,Face Map & Localized Acne,Run 3-Zone AI Face Map,5,"Scan your forehead, cheeks, and chin to pinpoint the root cause of localized acne (bacterial, fungal, or friction)."
/acne/pitted-acne-scars-treatment-india/,Acne Scars & Hyperpigmentation,Analyze Dark Spots: PIE vs PIH,6,Scan your skin in 60s to distinguish red post-acne marks (PIE) from brown melanin spots (PIH) and get a targeted fading routine.
/acne/post-acne-mark-removal-forehead-india/,Acne Scars & Hyperpigmentation,Analyze Dark Spots: PIE vs PIH,6,Scan your skin in 60s to distinguish red post-acne marks (PIE) from brown melanin spots (PIH) and get a targeted fading routine.
/acne/post-pimple-mark-removal-the-indian-skin-guide-to-pih-pie/,Acne Scars & Hyperpigmentation,Analyze Dark Spots: PIE vs PIH,6,Scan your skin in 60s to distinguish red post-acne marks (PIE) from brown melanin spots (PIH) and get a targeted fading routine.
/acne/post-workout-acne-prevention-india/,General Skincare & Anti-Aging,Start Free AI Skin Scan,5,"Scan your face to detect active breakouts, fine lines, skin barrier health, and dark spots in 60 seconds."
/acne/pregnancy-forehead-acne/,Face Map & Localized Acne,Run 3-Zone AI Face Map,5,"Scan your forehead, cheeks, and chin to pinpoint the root cause of localized acne (bacterial, fungal, or friction)."
/acne/progesterone-estrogen-test-for-acne-india/,General Skincare & Anti-Aging,Start Free AI Skin Scan,5,"Scan your face to detect active breakouts, fine lines, skin barrier health, and dark spots in 60 seconds."
/acne/reapply-sunscreen-over-makeup/,Routines & Product Cleansers,Build Your Custom Active Routine,5,"Scan your face in 60s to get a personalized, non-comedogenic regimen tailored to your exact skin type."
/acne/retinol-cream-usa/,Retinoids & Retinization,Check Retinoid Tolerance & Skin Barrier,6,"Scan your face to detect flaking, redness, and micro-peeling before increasing your Adapalene or Tretinoin dosage."
/acne/retinol-serum-for-acne-prone-skin-usa/,Retinoids & Retinization,Check Retinoid Tolerance & Skin Barrier,6,"Scan your face to detect flaking, redness, and micro-peeling before increasing your Adapalene or Tretinoin dosage."
/acne/retinol-vs-tretinoin-acne-india/,Retinoids & Retinization,Check Retinoid Tolerance & Skin Barrier,6,"Scan your face to detect flaking, redness, and micro-peeling before increasing your Adapalene or Tretinoin dosage."
/acne/rosacea-treatment-serum-usa/,General Skincare & Anti-Aging,Start Free AI Skin Scan,5,"Scan your face to detect active breakouts, fine lines, skin barrier health, and dark spots in 60 seconds."
/acne/salicylic-acid-body-wash-bacne-usa/,Active Ingredients & Actives,Check Active Skincare Ingredient Compatibility,5,Scan your face in 60s to verify if your current active ingredients are clearing your pores or causing chemical irritation.
/acne/salicylic-acid-body-wash-usa/,Active Ingredients & Actives,Check Active Skincare Ingredient Compatibility,5,Scan your face in 60s to verify if your current active ingredients are clearing your pores or causing chemical irritation.
/acne/salicylic-acid-cleanser-for-acne-india/,Active Ingredients & Actives,Check Active Skincare Ingredient Compatibility,5,Scan your face in 60s to verify if your current active ingredients are clearing your pores or causing chemical irritation.
/acne/salicylic-acid-cream-gel-face-india/,Active Ingredients & Actives,Check Active Skincare Ingredient Compatibility,5,Scan your face in 60s to verify if your current active ingredients are clearing your pores or causing chemical irritation.
/acne/salicylic-acid-face-wash-for-acne-india/,Active Ingredients & Actives,Check Active Skincare Ingredient Compatibility,5,Scan your face in 60s to verify if your current active ingredients are clearing your pores or causing chemical irritation.
/acne/salicylic-acid-face-wash-for-acne-indian-skin/,Active Ingredients & Actives,Check Active Skincare Ingredient Compatibility,5,Scan your face in 60s to verify if your current active ingredients are clearing your pores or causing chemical irritation.
/acne/salicylic-acid-face-wash-vs-serum/,Active Ingredients & Actives,Check Active Skincare Ingredient Compatibility,5,Scan your face in 60s to verify if your current active ingredients are clearing your pores or causing chemical irritation.
/acne/salicylic-acid-for-beginners/,Active Ingredients & Actives,Check Active Skincare Ingredient Compatibility,5,Scan your face in 60s to verify if your current active ingredients are clearing your pores or causing chemical irritation.
/acne/salicylic-acid-for-blackheads-nose-india/,Active Ingredients & Actives,Check Active Skincare Ingredient Compatibility,5,Scan your face in 60s to verify if your current active ingredients are clearing your pores or causing chemical irritation.
/acne/salicylic-acid-for-blackheads-usa/,Active Ingredients & Actives,Check Active Skincare Ingredient Compatibility,5,Scan your face in 60s to verify if your current active ingredients are clearing your pores or causing chemical irritation.
/acne/salicylic-acid-peel-face-india/,Active Ingredients & Actives,Check Active Skincare Ingredient Compatibility,5,Scan your face in 60s to verify if your current active ingredients are clearing your pores or causing chemical irritation.
/acne/salicylic-acid-purging-timeline/,Purging & Breakout Diagnosis,Check Skin Purge vs Breakout,5,Scan your face in 60s to determine whether active bumps are normal cell turnover purging or a damaged skin barrier.
/acne/salicylic-acid-serum-for-blackheads-usa/,Active Ingredients & Actives,Check Active Skincare Ingredient Compatibility,5,Scan your face in 60s to verify if your current active ingredients are clearing your pores or causing chemical irritation.
/acne/salicylic-acid-spot-treatment-face-india/,Active Ingredients & Actives,Check Active Skincare Ingredient Compatibility,5,Scan your face in 60s to verify if your current active ingredients are clearing your pores or causing chemical irritation.
/acne/salicylic-acid-vs-benzoyl-peroxide-acne-india/,Active Ingredients & Actives,Check Active Skincare Ingredient Compatibility,5,Scan your face in 60s to verify if your current active ingredients are clearing your pores or causing chemical irritation.
/acne/salicylic-acid-vs-benzoyl-peroxide-face-wash-india/,Active Ingredients & Actives,Check Active Skincare Ingredient Compatibility,5,Scan your face in 60s to verify if your current active ingredients are clearing your pores or causing chemical irritation.
/acne/salicylic-acid-vs-glycolic-acid-acne-india/,Active Ingredients & Actives,Check Active Skincare Ingredient Compatibility,5,Scan your face in 60s to verify if your current active ingredients are clearing your pores or causing chemical irritation.
/acne/salicylic-acid-vs-niacinamide-acne-india/,Active Ingredients & Actives,Check Active Skincare Ingredient Compatibility,5,Scan your face in 60s to verify if your current active ingredients are clearing your pores or causing chemical irritation.
/acne/salicylic-vs-benzoyl-peroxide-body-wash-india/,Active Ingredients & Actives,Check Active Skincare Ingredient Compatibility,5,Scan your face in 60s to verify if your current active ingredients are clearing your pores or causing chemical irritation.
/acne/salicylix-sf6-sf12-ointment-uses-india/,General Skincare & Anti-Aging,Start Free AI Skin Scan,5,"Scan your face to detect active breakouts, fine lines, skin barrier health, and dark spots in 60 seconds."
/acne/salicylix-sf6-sf12-salicylic-acid-ointment-india/,Active Ingredients & Actives,Check Active Skincare Ingredient Compatibility,5,Scan your face in 60s to verify if your current active ingredients are clearing your pores or causing chemical irritation.
/acne/saslic-ds-foaming-face-wash-india/,Routines & Product Cleansers,Build Your Custom Active Routine,5,"Scan your face in 60s to get a personalized, non-comedogenic regimen tailored to your exact skin type."
/acne/saslic-vs-saslic-ds-difference/,General Skincare & Anti-Aging,Start Free AI Skin Scan,5,"Scan your face to detect active breakouts, fine lines, skin barrier health, and dark spots in 60 seconds."
/acne/scalp-acne-pimples-head-treatment-india/,Face Map & Localized Acne,Run 3-Zone AI Face Map,5,"Scan your forehead, cheeks, and chin to pinpoint the root cause of localized acne (bacterial, fungal, or friction)."
/acne/scalp-acne-treatment-india/,General Skincare & Anti-Aging,Start Free AI Skin Scan,5,"Scan your face to detect active breakouts, fine lines, skin barrier health, and dark spots in 60 seconds."
/acne/scalp-folliculitis-shampoo-treatment-india/,General Skincare & Anti-Aging,Start Free AI Skin Scan,5,"Scan your face to detect active breakouts, fine lines, skin barrier health, and dark spots in 60 seconds."
/acne/science-of-clear-skin/,General Skincare & Anti-Aging,Start Free AI Skin Scan,5,"Scan your face to detect active breakouts, fine lines, skin barrier health, and dark spots in 60 seconds."
/acne/sebogel-acne-gel-review-india/,General Skincare & Anti-Aging,Start Free AI Skin Scan,5,"Scan your face to detect active breakouts, fine lines, skin barrier health, and dark spots in 60 seconds."
/acne/sebogel-salicylic-acid-niacinamide-gel-india/,Active Ingredients & Actives,Check Active Skincare Ingredient Compatibility,5,Scan your face in 60s to verify if your current active ingredients are clearing your pores or causing chemical irritation.
/acne/sebogel-salicylic-acid-niacinamide-gel-review-india/,Active Ingredients & Actives,Check Active Skincare Ingredient Compatibility,5,Scan your face in 60s to verify if your current active ingredients are clearing your pores or causing chemical irritation.
/acne/skin-barrier-repair-acne-india/,General Skincare & Anti-Aging,Start Free AI Skin Scan,5,"Scan your face to detect active breakouts, fine lines, skin barrier health, and dark spots in 60 seconds."
/acne/skin-purging-vs-breakout-india/,Purging & Breakout Diagnosis,Check Skin Purge vs Breakout,5,Scan your face in 60s to determine whether active bumps are normal cell turnover purging or a damaged skin barrier.
/acne/skin-purging-vs-breakout-retinoid-india/,Purging & Breakout Diagnosis,Check Skin Purge vs Breakout,5,Scan your face in 60s to determine whether active bumps are normal cell turnover purging or a damaged skin barrier.
/acne/skincare-layering-guide/,General Skincare & Anti-Aging,Start Free AI Skin Scan,5,"Scan your face to detect active breakouts, fine lines, skin barrier health, and dark spots in 60 seconds."
/acne/small-pimples-forehead-men/,Face Map & Localized Acne,Run 3-Zone AI Face Map,5,"Scan your forehead, cheeks, and chin to pinpoint the root cause of localized acne (bacterial, fungal, or friction)."
/acne/smile-lines-treatment-usa/,General Skincare & Anti-Aging,Start Free AI Skin Scan,5,"Scan your face to detect active breakouts, fine lines, skin barrier health, and dark spots in 60 seconds."
/acne/snail-mucin-for-acne-prone-skin-usa/,General Skincare & Anti-Aging,Start Free AI Skin Scan,5,"Scan your face to detect active breakouts, fine lines, skin barrier health, and dark spots in 60 seconds."
/acne/spearmint-tea-for-hormonal-acne-pcos-india/,Hormonal Acne & Internal Health,Detect Jawline Hormonal Acne Patterns,5,Scan your jawline and chin to evaluate hormonal acne severity and get a dermatologist-backed active routine.
/acne/stop-forehead-acne-hair-products-india/,Face Map & Localized Acne,Run 3-Zone AI Face Map,5,"Scan your forehead, cheeks, and chin to pinpoint the root cause of localized acne (bacterial, fungal, or friction)."
/acne/stress-acne-forehead-cortisol-india/,Face Map & Localized Acne,Run 3-Zone AI Face Map,5,"Scan your forehead, cheeks, and chin to pinpoint the root cause of localized acne (bacterial, fungal, or friction)."
/acne/stress-hormone-test-for-acne-india/,General Skincare & Anti-Aging,Start Free AI Skin Scan,5,"Scan your face to detect active breakouts, fine lines, skin barrier health, and dark spots in 60 seconds."
/acne/student-acne-routine-under-1000/,Routines & Product Cleansers,Build Your Custom Active Routine,5,"Scan your face in 60s to get a personalized, non-comedogenic regimen tailored to your exact skin type."
/acne/sunscreen-for-acne-prone-skin-india/,Routines & Product Cleansers,Build Your Custom Active Routine,5,"Scan your face in 60s to get a personalized, non-comedogenic regimen tailored to your exact skin type."
/acne/sweat-acne-school-sports-india/,General Skincare & Anti-Aging,Start Free AI Skin Scan,5,"Scan your face to detect active breakouts, fine lines, skin barrier health, and dark spots in 60 seconds."
/acne/tea-tree-oil-for-acne-india/,General Skincare & Anti-Aging,Start Free AI Skin Scan,5,"Scan your face to detect active breakouts, fine lines, skin barrier health, and dark spots in 60 seconds."
/acne/teen-acne-routine-under-500/,Routines & Product Cleansers,Build Your Custom Active Routine,5,"Scan your face in 60s to get a personalized, non-comedogenic regimen tailored to your exact skin type."
/acne/teenage-acne-india-parents-guide/,General Skincare & Anti-Aging,Start Free AI Skin Scan,5,"Scan your face to detect active breakouts, fine lines, skin barrier health, and dark spots in 60 seconds."
/acne/temple-acne-side-of-face-meaning-treatment-india/,Face Map & Localized Acne,Run 3-Zone AI Face Map,5,"Scan your forehead, cheeks, and chin to pinpoint the root cause of localized acne (bacterial, fungal, or friction)."
/acne/texture-smoothing-skincare-routine-india/,Routines & Product Cleansers,Build Your Custom Active Routine,5,"Scan your face in 60s to get a personalized, non-comedogenic regimen tailored to your exact skin type."
/acne/the-champi-breakout-clearing-forehead-acne-from-hair-oil/,Purging & Breakout Diagnosis,Check Skin Purge vs Breakout,5,Scan your face in 60s to determine whether active bumps are normal cell turnover purging or a damaged skin barrier.
/acne/the-inkey-list-salicylic-acid-cleanser-usa/,Active Ingredients & Actives,Check Active Skincare Ingredient Compatibility,5,Scan your face in 60s to verify if your current active ingredients are clearing your pores or causing chemical irritation.
/acne/the-ordinary-glycolic-acid-7-percent-toning-solution-usa/,Active Ingredients & Actives,Check Active Skincare Ingredient Compatibility,5,Scan your face in 60s to verify if your current active ingredients are clearing your pores or causing chemical irritation.
/acne/the-ordinary-glycolic-acid-7-toner-usa/,Active Ingredients & Actives,Check Active Skincare Ingredient Compatibility,5,Scan your face in 60s to verify if your current active ingredients are clearing your pores or causing chemical irritation.
/acne/the-ordinary-salicylic-acid-2-percent-solution-usa/,Active Ingredients & Actives,Check Active Skincare Ingredient Compatibility,5,Scan your face in 60s to verify if your current active ingredients are clearing your pores or causing chemical irritation.
/acne/thyroid-test-for-acne-india/,General Skincare & Anti-Aging,Start Free AI Skin Scan,5,"Scan your face to detect active breakouts, fine lines, skin barrier health, and dark spots in 60 seconds."
/acne/tiny-bumps-on-forehead-fungal-acne-india/,Face Map & Localized Acne,Run 3-Zone AI Face Map,5,"Scan your forehead, cheeks, and chin to pinpoint the root cause of localized acne (bacterial, fungal, or friction)."
/acne/tower-28-sos-daily-rescue-facial-spray-hypochlorous-usa/,General Skincare & Anti-Aging,Start Free AI Skin Scan,5,"Scan your face to detect active breakouts, fine lines, skin barrier health, and dark spots in 60 seconds."
/acne/tower-28-sos-spray-hypochlorous-acid-usa/,General Skincare & Anti-Aging,Start Free AI Skin Scan,5,"Scan your face to detect active breakouts, fine lines, skin barrier health, and dark spots in 60 seconds."
/acne/tranexamic-acid-3-percent-serum-india/,Active Ingredients & Actives,Check Active Skincare Ingredient Compatibility,5,Scan your face in 60s to verify if your current active ingredients are clearing your pores or causing chemical irritation.
/acne/tranexamic-acid-3-percent-serum-pih-india/,Acne Scars & Hyperpigmentation,Analyze Dark Spots: PIE vs PIH,6,Scan your skin in 60s to distinguish red post-acne marks (PIE) from brown melanin spots (PIH) and get a targeted fading routine.
/acne/tranexamic-acid-for-pih-indian-skin/,Acne Scars & Hyperpigmentation,Analyze Dark Spots: PIE vs PIH,6,Scan your skin in 60s to distinguish red post-acne marks (PIE) from brown melanin spots (PIH) and get a targeted fading routine.
/acne/tranexamic-acid-serum-for-melasma-india/,Acne Scars & Hyperpigmentation,Analyze Dark Spots: PIE vs PIH,6,Scan your skin in 60s to distinguish red post-acne marks (PIE) from brown melanin spots (PIH) and get a targeted fading routine.
/acne/treat-blind-pimple-on-forehead-india/,Face Map & Localized Acne,Run 3-Zone AI Face Map,5,"Scan your forehead, cheeks, and chin to pinpoint the root cause of localized acne (bacterial, fungal, or friction)."
/acne/tretinoin-0.025-cream-acne-purge-india/,Purging & Breakout Diagnosis,Check Skin Purge vs Breakout,5,Scan your face in 60s to determine whether active bumps are normal cell turnover purging or a damaged skin barrier.
/acne/tretinoin-for-acne-scars-guide/,Acne Scars & Hyperpigmentation,Analyze Dark Spots: PIE vs PIH,6,Scan your skin in 60s to distinguish red post-acne marks (PIE) from brown melanin spots (PIH) and get a targeted fading routine.
/acne/tretinoin-not-working-reasons-india/,Retinoids & Retinization,Check Retinoid Tolerance & Skin Barrier,6,"Scan your face to detect flaking, redness, and micro-peeling before increasing your Adapalene or Tretinoin dosage."
/acne/tretinoin-vs-adapalene-acne-india/,Retinoids & Retinization,Check Retinoid Tolerance & Skin Barrier,6,"Scan your face to detect flaking, redness, and micro-peeling before increasing your Adapalene or Tretinoin dosage."
/acne/types-of-acne/,General Skincare & Anti-Aging,Start Free AI Skin Scan,5,"Scan your face to detect active breakouts, fine lines, skin barrier health, and dark spots in 60 seconds."
/acne/vitamin-b12-acne-test-india/,General Skincare & Anti-Aging,Start Free AI Skin Scan,5,"Scan your face to detect active breakouts, fine lines, skin barrier health, and dark spots in 60 seconds."
/acne/vitamin-c-serum-for-acne-scars-india/,Acne Scars & Hyperpigmentation,Analyze Dark Spots: PIE vs PIH,6,Scan your skin in 60s to distinguish red post-acne marks (PIE) from brown melanin spots (PIH) and get a targeted fading routine.
/acne/vitamin-deficiency-acne-tests-india/,General Skincare & Anti-Aging,Start Free AI Skin Scan,5,"Scan your face to detect active breakouts, fine lines, skin barrier health, and dark spots in 60 seconds."
/acne/when-to-see-dermatologist-for-acne-india/,General Skincare & Anti-Aging,Start Free AI Skin Scan,5,"Scan your face to detect active breakouts, fine lines, skin barrier health, and dark spots in 60 seconds."
/acne/why-men-get-acne/,General Skincare & Anti-Aging,Start Free AI Skin Scan,5,"Scan your face to detect active breakouts, fine lines, skin barrier health, and dark spots in 60 seconds."
/acne/why-teenagers-get-acne/,General Skincare & Anti-Aging,Start Free AI Skin Scan,5,"Scan your face to detect active breakouts, fine lines, skin barrier health, and dark spots in 60 seconds."
/acne/work-from-home-vs-office-acne-how-pollution-blue-light-affect-you/,General Skincare & Anti-Aging,Start Free AI Skin Scan,5,"Scan your face to detect active breakouts, fine lines, skin barrier health, and dark spots in 60 seconds."
/acne/zinc-for-acne-supplement-india/,Hormonal Acne & Internal Health,Detect Jawline Hormonal Acne Patterns,5,Scan your jawline and chin to evaluate hormonal acne severity and get a dermatologist-backed active routine.
/acne/zinc-oxide-sunscreen-for-acne-india/,Routines & Product Cleansers,Build Your Custom Active Routine,5,"Scan your face in 60s to get a personalized, non-comedogenic regimen tailored to your exact skin type."
/acne/zinc-test-for-acne-india/,General Skincare & Anti-Aging,Start Free AI Skin Scan,5,"Scan your face to detect active breakouts, fine lines, skin barrier health, and dark spots in 60 seconds."
/acne/zitsticka-killa-microdart-pimple-patch-usa/,Face Map & Localized Acne,Run 3-Zone AI Face Map,5,"Scan your forehead, cheeks, and chin to pinpoint the root cause of localized acne (bacterial, fungal, or friction)."
/acne/zitsticka-killa-patch-review-usa/,General Skincare & Anti-Aging,Start Free AI Skin Scan,5,"Scan your face to detect active breakouts, fine lines, skin barrier health, and dark spots in 60 seconds."
